year,28_w,28_N,28_cust,28_custp,28_acsl,29_w,29_N,29_cust,29_custp,29_acsl,30_w,30_N,30_cust,30_custp,30_acsl,31_w,31_N,31_cust,31_custp,31_acsl,37_w,37_N,37_cust,37_custp,37_acsl,45_w,45_N,45_cust,45_custp,45_acsl,48_w,48_N,48_cust,48_custp,48_acsl,126_w,126_N,126_cust,126_custp,126_acsl,39_w,39_N,39_cust,39_custp,39_acsl,44_w,44_N,44_cust,44_custp,44_acsl,46_w,46_N,46_cust,46_custp,46_acsl,35_w,35_N,35_cust,35_custp,35_acsl,40_w,40_N,40_cust,40_custp,40_acsl,41_w,41_N,41_cust,41_custp,41_acsl,42_w,42_N,42_cust,42_custp,42_acsl,43_w,43_N,43_cust,43_custp,43_acsl,47_w,47_N,47_cust,47_custp,47_acsl,49_w,49_N,49_cust,49_custp,49_acsl
2004,564,13508,6827,,21,2459,264,239,,52,150,10342,3738,,9,1856,19,10,,62,55,3404,1202,,9,35,3426,854,,4,143,994,296,,8,9,2458,302,,2,87,6924,2209,,9,19,691,63,,3,13,69355,13339,,2,774,138,106,,32,52,1320,278,,5,47,2685,333,,9,79,212,69,,7,7,325,23,,4,96,473,107,,6,43,9547,1601,,5
2005,564,12637,6166,,21,2459,220,191,,52,150,9768,3176,,9,1856,27,17,,45,55,2962,993,,8,35,3512,823,,4,143,914,277,,8,9,2361,261,,2,87,6640,1936,,9,19,861,76,,3,13,63896,12096,,2,774,139,94,,30,52,1340,251,,6,47,2683,337,,10,79,253,89,,8,7,353,18,,2,96,505,94,,11,43,9570,1390,,5
2006,564,12253,5912,,20,2459,230,204,,47,150,10173,3099,,9,1856,19,14,,46,55,2750,894,,8,35,4315,1003,,3,143,933,248,,7,9,2310,312,,2,87,6648,1898,,8,19,987,91,,3,13,58332,11166,,2,774,177,124,,42,52,1420,278,,6,47,2601,310,,10,79,207,75,,12,7,343,20,,2,96,452,78,,12,43,10546,1619,,4
2007,564,12907,5959,,20,2459,236,213,,49,150,10374,3043,,8,1856,32,22,,57,55,2780,886,,8,35,4310,1011,,4,143,940,244,,7,9,2276,326,,2,87,7016,1896,,8,19,1169,93,,2,13,62329,11268,,2,774,138,93,,29,52,1448,247,,6,47,2561,319,,10,79,190,52,,8,7,391,23,,6,96,431,84,,6,43,12973,1707,,4
2008,564,13196,6446,,21,2459,277,250,,50,150,10160,3250,,8,1856,18,14,,47,55,2066,719,,9,35,4445,1073,,3,143,919,255,,6,9,1928,298,,2,87,6896,1957,,8,19,1152,91,,2,13,67903,12584,,2,774,152,124,,32,52,1525,259,,5,47,2716,305,,11,79,148,34,,7,7,455,23,,4,96,349,73,,7,43,13115,1729,,4
2009,564,13021,6874,,21,2459,276,246,,50,150,9443,2888,,9,1856,25,20,,48,55,1777,620,,10,35,4475,1030,,4,143,851,236,,6,9,1836,281,,2,87,6126,1959,,8,19,1453,138,,3,13,72669,11918,,2,774,177,132,,41,52,1860,332,,5,47,2718,328,,12,79,133,41,,10,7,361,21,,2,96,409,110,,11,43,10270,1382,,4
2010,564,12935,,0.525,21,2459,317,,0.886,56,150,9205,,0.306,9,1856,19,,0.789,44,55,1498,,0.346,9,35,4363,,0.233,3,143,794,,0.306,7,9,1715,,0.160,2,87,6106,,0.330,8,19,1525,,0.093,3,13,73556,,0.168,2,774,168,,0.786,35,52,2024,,0.180,5,47,2624,,0.104,13,79,131,,0.313,8,7,385,,0.060,5,96,415,,0.246,9,43,10980,,0.135,5
2011,564,14351,,0.544,22,2459,331,,0.921,55,150,9726,,0.322,8,1856,29,,0.828,41,55,1208,,0.372,9,35,4607,,0.256,3,143,837,,0.358,7,9,1479,,0.191,2,87,6840,,0.316,8,19,1901,,0.126,3,13,77681,,0.177,2,774,177,,0.797,35,52,2355,,0.214,5,47,2544,,0.118,16,79,126,,0.238,8,7,432,,0.044,5,96,406,,0.286,12,43,13134,,0.136,5
2012,564,13568,,0.581,22,2459,330,,0.924,64,150,10593,,0.392,10,1856,17,,1.000,68,55,1240,,0.384,9,35,4413,,0.261,4,143,872,,0.354,9,9,1158,,0.166,2,87,6344,,0.343,7,19,1972,,0.141,2,13,74521,,0.185,2,774,162,,0.809,33,52,2527,,0.228,6,47,2409,,0.125,14,79,157,,0.204,11,7,461,,0.037,2,96,311,,0.328,8,43,12817,,0.156,5
2013,564,11756,,0.608,23,2459,272,,0.963,77,150,8291,,0.401,9,1856,10,,0.900,59,55,1020,,0.395,9,35,3646,,0.268,3,143,769,,0.402,11,9,905,,0.185,1,87,5647,,0.365,7,19,1791,,0.173,3,13,71010,,0.197,2,774,172,,0.680,31,52,2365,,0.257,7,47,2233,,0.112,15,79,128,,0.305,15,7,428,,0.035,2,96,306,,0.438,13,43,9410,,0.177,7
2014,564,10780,,0.626,24,2459,247,,0.964,76,150,7871,,0.411,9,1856,6,,0.833,63,55,870,,0.375,9,35,3487,,0.294,4,143,712,,0.416,9,9,903,,0.162,2,87,5068,,0.368,7,19,1878,,0.167,2,13,73376,,0.199,2,774,185,,0.795,38,52,2248,,0.253,7,47,2156,,0.107,16,79,117,,0.214,10,7,370,,0.038,6,96,250,,0.292,11,43,8586,,0.187,6
2015,564,9212,,0.636,25,2459,249,,0.928,85,150,7008,,0.433,10,1856,17,,0.647,78,55,861,,0.359,9,35,2927,,0.309,4,143,736,,0.416,13,9,815,,0.191,1,87,4161,,0.360,8,19,1861,,0.185,3,13,68135,,0.198,2,774,199,,0.739,34,52,2067,,0.248,6,47,2296,,0.100,13,79,110,,0.255,9,7,367,,0.049,2,96,230,,0.335,9,43,7869,,0.214,5
2016,564,7771,,0.661,26,2459,202,,0.896,88,150,6432,,0.455,10,1856,10,,0.900,58,55,911,,0.378,9,35,2375,,0.285,3,143,694,,0.415,12,9,811,,0.195,1,87,3504,,0.385,7,19,1391,,0.225,3,13,59387,,0.217,2,774,222,,0.770,33,52,1688,,0.245,7,47,2132,,0.101,14,79,73,,0.233,9,7,257,,0.039,4,96,176,,0.244,11,43,6160,,0.237,7
2017,564,7182,,0.687,26,2459,203,,0.941,87,150,6512,,0.491,10,1856,16,,0.938,85,55,847,,0.349,9,35,2203,,0.332,4,143,687,,0.380,11,9,764,,0.186,1,87,2884,,0.348,7,19,1205,,0.242,3,13,53411,,0.239,2,774,187,,0.727,33,52,1326,,0.273,7,47,1789,,0.102,14,79,74,,0.230,9,7,186,,0.048,5,96,169,,0.254,9,43,4533,,0.215,6
2018,564,6956,,0.701,27,2459,208,,0.923,89,150,6519,,0.505,10,1856,10,,0.900,58,55,824,,0.364,9,35,1888,,0.311,4,143,577,,0.418,12,9,569,,0.209,1,87,2509,,0.355,7,19,1199,,0.258,3,13,44740,,0.248,2,774,165,,0.752,31,52,1049,,0.267,7,47,1331,,0.098,13,79,56,,0.286,14,7,91,,0.110,3,96,181,,0.293,6,43,3722,,0.220,7
2019,564,6234,,0.704,28,2459,214,,0.949,97,150,6141,,0.522,11,1856,12,,0.833,68,55,766,,0.384,9,35,1800,,0.321,4,143,553,,0.401,11,9,454,,0.185,1,87,2279,,0.394,7,19,1194,,0.260,3,13,37937,,0.243,2,774,150,,0.773,33,52,802,,0.293,6,47,1092,,0.099,17,79,51,,0.255,10,7,67,,0.045,NA,96,142,,0.331,15,43,3113,,0.216,6
2020,564,4930,,0.728,28,2459,162,,0.938,89,150,5170,,0.552,10,1856,6,,1.000,45,55,567,,0.416,10,35,1353,,0.350,4,143,440,,0.448,14,9,400,,0.240,1,87,1702,,0.419,8,19,770,,0.309,2,13,26391,,0.265,2,774,116,,0.681,33,52,480,,0.275,6,47,693,,0.082,15,79,39,,0.154,9,7,28,,0.107,NA,96,72,,0.403,14,43,2149,,0.224,7
2021,564,4385,,0.668,27,2459,169,,0.947,89,150,4818,,0.453,10,1856,7,,0.429,NA,55,636,,0.362,9,35,1329,,0.284,3,143,511,,0.446,14,9,580,,0.217,1,87,1536,,0.329,8,19,889,,0.243,3,13,20068,,0.217,2,774,125,,0.648,31,52,433,,0.226,7,47,750,,0.084,17,79,40,,0.025,NA,7,41,,0.000,NA,96,61,,0.230,11,43,2057,,0.170,7
2022,564,3756,,0.679,28,2459,183,,0.945,89,150,4171,,0.504,10,1856,15,,0.933,82,55,543,,0.333,9,35,1030,,0.342,4,143,452,,0.427,12,9,441,,0.211,1,87,1330,,0.299,7,19,671,,0.286,3,13,19248,,0.244,2,774,151,,0.709,33,52,368,,0.242,7,47,476,,0.076,13,79,50,,0.160,14,7,28,,0.179,3,96,32,,0.313,8,43,1663,,0.176,7
2023,564,3726,,0.674,28,2459,176,,0.875,82,150,4774,,0.500,8,1856,15,,0.800,67,55,532,,0.325,9,35,1032,,0.326,3,143,613,,0.426,16,9,418,,0.270,2,87,1528,,0.334,7,19,724,,0.286,3,13,24034,,0.264,2,774,114,,0.649,38,52,304,,0.253,8,47,442,,0.066,15,79,38,,0.053,NA,7,18,,0.111,NA,96,43,,0.256,8,43,1738,,0.193,8
2024,564,3918,,0.646,27,2459,174,,0.897,80,150,5406,,0.488,8,1856,24,,0.792,81,55,568,,0.306,8,35,1165,,0.378,4,143,686,,0.411,15,9,442,,0.224,1,87,1975,,0.357,6,19,839,,0.297,3,13,35331,,0.277,2,774,149,,0.644,34,52,293,,0.256,7,47,510,,0.055,17,79,44,,0.159,3,7,52,,0.077,NA,96,36,,0.278,5,43,1921,,0.191,6
