year,1_w,1_N,1_cust,1_custp,1_acsl,4.4_w,4.4_N,4.4_cust,4.4_custp,4.4_acsl,4.6_w,4.6_N,4.6_cust,4.6_custp,4.6_acsl,4.8_w,4.8_N,4.8_cust,4.8_custp,4.8_acsl,4.9_w,4.9_N,4.9_cust,4.9_custp,4.9_acsl,37.1_w,37.1_N,37.1_cust,37.1_custp,37.1_acsl,2_w,2_N,2_cust,2_custp,2_acsl,4.3_w,4.3_N,4.3_cust,4.3_custp,4.3_acsl,5A_w,5A_N,5A_cust,5A_custp,5A_acsl,5D_w,5D_N,5D_cust,5D_custp,5D_acsl,5E_w,5E_N,5E_cust,5E_custp,5E_acsl,6_w,6_N,6_cust,6_custp,6_acsl,7_w,7_N,7_cust,7_custp,7_acsl,8F_w,8F_N,8F_cust,8F_custp,8F_acsl,8H_w,8H_N,8H_cust,8H_custp,8H_acsl,4.7_w,4.7_N,4.7_cust,4.7_custp,4.7_acsl,8G_w,8G_N,8G_cust,8G_custp,8G_acsl,8J_w,8J_N,8J_cust,8J_custp,8J_acsl,8N_w,8N_N,8N_cust,8N_custp,8N_acsl,3A_w,3A_N,3A_cust,3A_custp,3A_acsl,3B_w,3B_N,3B_cust,3B_custp,3B_acsl,11_w,11_N,11_cust,11_custp,11_acsl,12_w,12_N,12_cust,12_custp,12_acsl,13_w,13_N,13_cust,13_custp,13_acsl,14_w,14_N,14_cust,14_custp,14_acsl,36_w,36_N,36_cust,36_custp,36_acsl,104_w,104_N,104_cust,104_custp,104_acsl,105A_w,105A_N,105A_cust,105A_custp,105A_acsl,105B_w,105B_N,105B_cust,105B_custp,105B_acsl,106_w,106_N,106_cust,106_custp,106_acsl,8L_w,8L_N,8L_cust,8L_custp,8L_acsl,8M_w,8M_N,8M_cust,8M_custp,8M_acsl,8Q_w,8Q_N,8Q_cust,8Q_custp,8Q_acsl,8R_w,8R_N,8R_cust,8R_custp,8R_acsl,8U_w,8U_N,8U_cust,8U_custp,8U_acsl
2004,7832,626,594,,65,951,241,221,,44,1590,62,59,,43,115,4,0,,0,447,0,0,,0,854,11,8,,20,4707,96,84,,135,6084,1,1,,NA,2088,1697,1542,,49,2088,0,0,0,,1923,203,73,,46,67,22,3,,NA,25,3,1,,NA,353,4331,2278,,18,586,32,18,,19,1196,0,0,,0,145,14613,3918,,10,240,129,64,,19,203,499,173,,6,2094,40,25,,60,311,526,246,,16,158,545,139,,18,120,0,0,,0,263,69,46,,22,984,1,1,NA,,1505,397,301,,38,7,15051,1958,,3,13,38232,4311,,3,29,512,164,,6,1550,0,0,,0,40,690,124,,9,35,829,193,,5,99,0,0,,0,19,63,3,,NA,392,0,0,0,0
2005,7832,658,629,,56,951,254,238,,45,1590,66,62,,42,115,73,0,,NA,447,10,1,,NA,854,23,8,,19,4707,66,61,,142,6084,0,0,,0,2088,1673,1516,,49,2088,1,1,NA,,1923,207,69,,46,67,31,5,,14,25,7,3,,NA,353,4227,2182,,18,586,38,17,,10,1196,0,0,,0,145,15809,4450,,10,240,161,87,,14,203,449,147,,5,2094,36,23,,67,311,537,207,,16,158,476,104,,19,120,0,0,,0,263,80,40,,19,984,0,0,0,,1505,377,281,,50,7,15647,2123,,3,13,44679,5003,,3,29,630,200,,6,1550,0,0,,0,40,766,148,,8,35,952,205,,5,99,0,0,,0,19,73,8,,4,392,0,0,0,0
2006,7832,585,559,,66,951,223,210,,44,1590,65,64,,41,115,236,45,,15,447,22,4,,NA,854,11,6,,19,4707,79,70,,142,6084,1,0,,NA,2088,1559,1445,,46,2088,1,1,NA,,1923,169,70,,52,67,30,5,,7,25,3,1,,NA,353,4322,2118,,19,586,49,22,,19,1196,2,2,,NA,145,16569,4206,,10,240,175,66,,15,203,376,100,,5,2094,39,28,,69,311,467,189,,17,158,479,108,,15,120,2,0,,0,263,83,41,,18,984,0,0,0,,1505,403,291,,38,7,15181,1883,,3,13,49179,5546,,3,29,730,190,,6,1550,0,0,,0,40,811,149,,8,35,1187,209,,4,99,0,0,,0,19,120,8,,3,392,0,0,0,0
2007,7832,597,578,,62,951,233,214,,44,1590,67,65,,39,115,232,46,,15,447,18,5,,8,854,18,8,,13,4707,87,74,,160,6084,0,0,,0,2088,1734,1548,,44,2088,2,1,NA,,1923,180,62,,88,67,39,8,,13,25,8,2,,NA,353,4487,2159,,19,586,60,25,,22,1196,6,6,,74,145,16515,4205,,11,240,126,64,,15,203,295,93,,5,2094,45,38,,43,311,415,179,,17,158,476,93,,17,120,1,0,,0,263,66,24,,20,984,1,1,NA,,1505,397,303,,39,7,16169,1927,,3,13,52632,6161,,3,29,841,191,,6,1550,1,0,,NA,40,764,124,,9,35,1385,260,,4,99,0,0,,0,19,166,19,,3,392,0,0,0,0
2008,7832,687,665,,59,951,221,206,,49,1590,46,45,,47,115,224,59,,14,447,15,4,,NA,854,4,4,,NA,4707,93,81,,169,6084,0,0,,0,2088,1664,1548,,49,2088,1,0,NA,,1923,214,84,,66,67,27,11,,9,25,3,1,,NA,353,4341,2188,,18,586,68,36,,14,1196,6,3,,NA,145,15509,4306,,11,240,147,59,,12,203,246,73,,6,2094,36,31,,63,311,399,170,,17,158,581,133,,17,120,1,0,,0,263,59,22,,24,984,2,2,NA,,1505,395,310,,42,7,15383,1778,,2,13,52267,6698,,3,29,837,218,,5,1550,0,0,,0,40,777,162,,9,35,1443,243,,5,99,0,0,,0,19,240,26,,3,392,0,0,0,0
2009,7832,596,578,,65,951,233,218,,44,1590,35,33,,52,115,199,56,,13,447,12,4,,NA,854,9,7,,28,4707,92,84,,169,6084,0,0,,0,2088,1674,1553,,52,2088,0,0,0,,1923,210,73,,62,67,20,4,,NA,25,6,1,,NA,353,4664,2567,,18,586,104,27,,10,1196,13,11,,44,145,15714,4475,,11,240,142,72,,15,203,206,55,,7,2094,23,16,,58,311,376,166,,15,158,714,158,,18,120,2,1,,NA,263,56,16,,23,984,0,0,0,,1505,426,310,,42,7,14687,1613,,2,13,52901,6793,,3,29,881,214,,5,1550,0,0,,0,40,729,156,,7,35,1626,245,,4,99,0,0,,0,19,401,30,,2,392,0,0,0,0
2010,7832,559,,0.979,68,951,220,,0.905,47,1590,44,,0.977,49,115,168,,0.107,14,447,21,,0.143,NA,854,6,,0.833,42,4707,92,,0.946,169,6084,0,0,,0,2088,1676,,1,53,2088,0,0,0,,1923,170,,0.376,62,67,13,,0.154,NA,25,12,,0.083,NA,353,4829,,0.528,18,586,87,,0.195,13,1196,9,,0.889,44,145,16200,,0.279,11,240,148,,0.534,17,203,213,,0.333,6,2094,25,,0.68,86,311,390,,0.459,16,158,719,,0.211,19,120,0,0,,0,263,79,,0.43,25,984,2,0,0,0,1505,389,,0.771,44,7,14189,,0.108,2,13,54040,,0.128,3,29,926,,0.241,5,1550,0,0,,0,40,676,,0.179,7,35,1690,,0.141,4,99,37,,0.135,3,19,445,,0.092,2,392,0,0,0,0
2011,7832,511,,0.975,77,951,119,,0.924,47,1590,34,,1,45,115,234,,0.205,17,447,14,,0.286,NA,854,9,,0.889,40,4707,83,,0.867,169,6084,0,0,0,0,2088,2710,,1,45,2088,0,0,0,0,1923,172,,0.413,72,67,20,,0.45,14,25,9,,0.111,NA,353,3825,,0.499,18,586,32,,0.469,18,1196,2,,0,0,145,15983,,0.275,11,240,131,,0.427,15,203,197,,0.34,6,2094,16,,0.563,21,311,463,,0.441,17,158,660,,0.22,20,120,2,0,0,0,263,71,,0.521,18,984,0,0,0,0,1505,358,,0.83,49,7,14348,,0.107,2,13,54316,,0.135,3,29,1069,,0.205,5,1550,0,0,0,0,40,798,,0.287,9,35,1903,,0.144,3,99,95,,0.158,4,19,524,,0.109,2,392,0,0,0,0
2012,7832,516,,0.967,83,951,126,,0.96,51,1590,31,,0.935,55,115,235,,0.264,14,447,19,,0.263,8,854,3,0,0,0,4707,98,,0.918,183,6084,0,0,0,0,2088,3358,,1,47,2088,0,0,0,0,1923,178,,0.522,104,67,19,,0.263,6,25,5,,0.2,NA,353,2580,,0.493,20,586,17,,0.471,26,1196,3,,0,0,145,11331,,0.321,12,240,101,,0.515,14,203,201,,0.234,7,2094,26,,0.846,101,311,450,,0.471,20,158,678,,0.243,21,120,1,0,0,0,263,105,,0.4,18,984,0,0,0,0,1505,356,,0.817,46,7,13825,,0.098,2,13,53384,,0.138,3,29,1098,,0.216,5,1550,0,0,0,0,40,646,,0.348,10,35,1801,,0.168,4,99,138,,0.13,4,19,576,,0.109,2,392,0,0,0,0
2013,7832,546,,0.971,92,951,110,,0.955,50,1590,26,,0.962,58,115,215,,0.247,13,447,16,,0.313,14,854,4,0,0,0,4707,64,,0.953,183,6084,0,0,0,0,2088,2839,,1,53,2088,0,0,0,0,1923,163,,0.552,111,67,15,,0.267,NA,25,7,0,0,0,353,2426,,0.5,20,586,16,,0.625,25,1196,2,,0,0,145,8129,,0.372,13,240,75,,0.573,17,203,149,,0.215,6,2094,18,,0.889,94,311,410,,0.51,19,158,547,,0.247,21,120,1,0,0,0,263,81,,0.543,17,984,2,0,0,0,1505,296,,0.78,37,7,11799,,0.095,2,13,49229,,0.135,3,29,999,,0.214,5,1550,8,,1,44,40,525,,0.358,10,35,1689,,0.146,3,99,128,,0.188,7,19,519,,0.139,2,392,0,0,0,0
2014,7832,505,,0.96,92,951,113,,0.938,56,1590,28,,0.964,55,115,183,,0.284,13,447,3,,0,0,854,5,,0.6,NA,4707,67,,0.806,182,6084,0,0,0,0,2088,2464,,1,58,2088,0,0,0,0,1923,152,,0.546,83,67,22,,0.136,NA,25,1,0,0,0,353,2527,,0.481,20,586,8,,0.75,19,1196,4,,0,0,145,7773,,0.371,13,240,76,,0.632,16,203,180,,0.261,5,2094,28,,0.857,69,311,444,,0.48,21,158,636,,0.233,19,120,0,0,0,0,263,75,,0.453,21,984,4,0,0,0,1505,297,,0.808,46,7,11530,,0.096,2,13,50306,,0.134,3,29,992,,0.213,4,1550,2,0,0,0,40,703,,0.31,10,35,2169,,0.167,3,99,237,,0.245,8,19,566,,0.108,2,392,0,0,0,0
2015,7832,422,,0.948,92,951,126,,0.968,60,1590,18,,0.944,53,115,168,,0.268,12,447,2,,0,0,854,4,0,0,0,4707,74,,0.851,185,6084,0,0,0,0,2088,1611,,1,72,2088,1,0,0,0,1923,186,,0.522,89,67,10,,0.2,NA,25,4,0,0,0,353,3698,,0.511,21,586,16,,0.688,29,1196,6,,0.667,NA,145,8518,,0.369,13,240,71,,0.451,15,203,159,,0.252,7,2094,23,,0.783,38,311,526,,0.481,16,158,753,,0.202,18,120,4,0,0,0,263,117,,0.53,21,984,0,0,0,0,1505,312,,0.817,62,7,11061,,0.096,2,13,54123,,0.13,3,29,1026,,0.229,4,1550,9,,0.889,40,40,847,,0.333,10,35,2482,,0.145,3,99,370,,0.27,11,19,801,,0.094,2,392,0,0,0,0
2016,7832,446,,0.951,101,951,135,,0.956,57,1590,35,,0.914,51,115,199,,0.271,14,447,3,,0,0,854,0,0,0,0,4707,104,,0.865,194,6084,2,0,0,0,2088,1425,,1,75,2088,0,0,0,0,1923,151,,0.523,96,67,13,,0.154,NA,25,7,,0.143,NA,353,3740,,0.496,22,586,16,,0.563,27,1196,13,,1,66,145,8252,,0.366,13,240,75,,0.56,17,203,196,,0.316,6,2094,39,,0.769,54,311,521,,0.505,18,158,659,,0.211,19,120,5,0,0,0,263,115,,0.417,21,984,2,0,0,0,1505,356,,0.803,46,7,11617,,0.108,2,13,54369,,0.132,3,29,1103,,0.213,4,1550,16,,0.813,46,40,751,,0.369,10,35,2569,,0.162,3,99,353,,0.241,12,19,209,,0.201,4,392,11,,0.273,NA
2017,7832,465,,0.955,102,951,186,,0.935,60,1590,23,,0.913,56,115,213,,0.277,14,447,2,,0,0,854,0,0,0,0,4707,87,,0.782,190,6084,0,0,0,0,2088,1473,,1,80,2088,0,0,0,0,1923,136,,0.654,103,67,4,,0,0,25,8,,0.125,NA,353,3411,,0.508,22,586,11,,0.727,23,1196,11,,1,77,145,7481,,0.376,14,240,53,,0.453,21,203,177,,0.299,7,2094,29,,0.759,116,311,532,,0.509,17,158,664,,0.238,24,120,1,0,0,0,263,101,,0.495,18,984,0,0,0,0,1505,288,,0.788,51,7,12084,,0.109,2,13,47174,,0.133,3,29,1061,,0.218,4,1550,21,,0.905,43,40,723,,0.365,10,35,2734,,0.178,3,99,373,,0.306,11,19,32,,0.25,3,392,115,,0.461,16
2018,7832,507,,0.964,106,951,178,,0.899,60,1590,24,,0.875,65,115,203,,0.281,13,447,4,,0,0,854,0,0,0,0,4707,102,,0.833,197,6084,0,0,0,0,2088,1519,,1,86,2088,0,0,0,0,1923,195,,0.656,115,67,17,,0.294,10,25,4,0,0,0,353,3378,,0.509,23,586,8,,0.625,31,1196,4,,0,0,145,6962,,0.395,14,240,55,,0.455,14,203,190,,0.4,9,2094,34,,0.912,106,311,592,,0.515,19,158,625,,0.232,20,120,0,0,0,0,263,89,,0.416,18,984,0,0,0,0,1505,269,,0.822,58,7,12228,,0.107,2,13,41384,,0.134,3,29,909,,0.227,4,1550,32,,1,74,40,711,,0.374,11,35,2807,,0.188,3,99,447,,0.333,14,19,20,,0.3,6,392,316,,0.557,17
2019,7832,553,,0.966,108,951,159,,0.95,67,1590,23,,1,58,115,157,,0.242,14,447,3,,0,0,854,5,,0.8,NA,4707,103,,0.874,184,6084,0,0,0,0,2088,1465,,1,86,2088,0,0,0,0,1923,172,,0.599,123,67,13,,0.308,NA,25,0,0,0,0,353,3030,,0.512,24,586,14,,0.643,33,1196,10,,1,82,145,6909,,0.386,14,240,59,,0.356,21,203,217,,0.419,14,2094,21,,0.667,43,311,522,,0.49,22,158,451,,0.224,27,120,0,0,0,0,263,81,,0.432,16,984,0,0,0,0,1505,234,,0.812,58,7,9749,,0.083,2,13,33831,,0.137,3,29,754,,0.216,4,1550,21,,0.762,69,40,580,,0.353,11,35,2758,,0.173,3,99,474,,0.365,17,19,25,,0.28,8,392,313,,0.581,23
2020,7832,413,,0.966,111,951,145,,0.938,64,1590,11,,1,55,115,133,,0.278,12,447,5,,0.6,NA,854,0,0,0,0,4707,91,,0.879,204,6084,0,0,0,0,2088,1233,,1,86,2088,0,0,0,0,1923,138,,0.696,113,67,19,,0.158,NA,25,3,0,0,0,353,2429,,0.496,23,586,10,,0.3,NA,1196,1,,0,0,145,5507,,0.408,14,240,43,,0.581,15,203,145,,0.552,16,2094,35,,0.857,43,311,508,,0.531,24,158,340,,0.218,28,120,1,0,0,0,263,78,,0.513,19,984,1,0,0,0,1505,204,,0.873,60,7,3836,,0.03,1,13,22207,,0.159,3,29,559,,0.275,4,1550,13,,0.923,49,40,463,,0.445,12,35,1998,,0.228,3,99,562,,0.411,19,19,26,,0.231,8,392,308,,0.627,23
2021,7832,571,,0.947,109,951,154,,0.948,57,1590,20,,0.9,60,115,186,,0.269,14,447,4,,0,0,854,1,0,0,0,4707,82,,0.878,201,6084,0,0,0,0,2088,1204,,1,81,2088,0,0,0,0,1923,102,,0.559,94,67,13,,0.231,NA,25,1,0,0,0,353,2894,,0.476,22,586,7,,0.571,NA,1196,6,,1,84,145,6883,,0.372,14,240,56,,0.268,18,203,157,,0.529,17,2094,30,,0.833,41,311,560,,0.511,22,158,384,,0.174,25,120,0,0,0,0,263,50,,0.48,21,984,1,0,0,0,1505,150,,0.833,48,7,4015,,0.016,1,13,22882,,0.141,3,29,675,,0.267,4,1550,18,,0.833,72,40,589,,0.379,13,35,3155,,0.194,3,99,710,,0.354,18,19,26,,0.154,NA,392,446,,0.614,23
2022,7832,578,,0.955,113,951,146,,0.938,65,1590,14,,1,58,115,164,,0.226,15,447,3,,0,0,854,1,0,0,0,4707,92,,0.88,253,6084,1,0,0,0,2088,1508,,1,69,2088,0,0,0,0,1923,154,,0.844,123,67,9,,0.333,NA,25,2,0,0,0,353,2688,,0.459,22,586,8,,0.625,27,1196,7,,0.857,90,145,7089,,0.388,15,240,57,,0.509,21,203,109,,0.33,15,2094,39,,0.846,78,311,535,,0.523,22,158,422,,0.218,29,120,0,0,0,0,263,63,,0.524,20,984,2,0,0,0,1505,240,,0.833,55,7,3837,,0.01,1,13,20636,,0.15,3,29,564,,0.273,4,1550,47,,0.851,57,40,595,,0.382,14,35,3181,,0.186,3,99,926,,0.391,18,19,18,,0.389,11,392,480,,0.608,24
2023,7832,569,,0.958,112,951,167,,0.946,72,1590,19,,0.842,50,115,143,,0.224,14,447,4,,0,0,854,5,,0.4,NA,4707,114,,0.772,251,6084,0,0,0,0,2088,1373,,1,64,2088,0,0,0,0,1923,125,,0.696,124,67,14,,0.286,NA,25,3,0,0,0,353,2632,,0.44,22,586,9,,0.556,25,1196,2,,0,0,145,7808,,0.365,15,240,51,,0.333,16,203,119,,0.487,13,2094,35,,0.914,83,311,576,,0.523,24,158,348,,0.27,34,120,0,0,0,0,263,38,,0.474,21,984,1,0,0,0,1505,180,,0.828,64,7,3715,,0.015,1,13,18382,,0.143,3,29,539,,0.219,4,1550,38,,0.737,58,40,602,,0.409,13,35,2965,,0.188,3,99,1132,,0.417,17,19,17,,0.235,NA,392,645,,0.648,25
2024,7832,573,,0.942,115,951,202,,0.97,94,1590,19,,0.842,73,115,146,,0.253,17,447,6,,1,51,854,3,0,0,0,4707,109,,0.752,242,6084,0,0,0,0,2088,1496,,1,65,2088,0,0,0,0,1923,203,,0.635,104,67,7,,0.143,NA,25,3,0,0,0,353,2851,,0.43,22,586,6,,0.5,NA,1196,6,,0.667,NA,145,8358,,0.354,15,240,63,,0.365,12,203,147,,0.347,17,2094,42,,0.833,79,311,634,,0.509,21,158,379,,0.24,28,120,1,0,0,0,263,47,,0.468,17,984,1,0,0,0,1505,218,,0.803,72,7,3995,,0.017,1,13,17907,,0.163,3,29,546,,0.247,4,1550,58,,0.776,64,40,653,,0.415,14,35,3231,,0.204,3,99,1507,,0.377,17,19,17,,0.235,NA,392,813,,0.651,25
